[
  {
    "cmd": [
      "python",
      "-u",
      "RECIPE_MODULE[depot_tools::bot_update]/resources/apply_gerrit.py",
      "--gerrit_repo",
      "https://custom/repo",
      "--gerrit_ref",
      "refs/changes/custom/1234567/1",
      "--root",
      "/tmp/test/root",
      "--gerrit_no_reset",
      "--gerrit_no_rebase_patch_ref"
    ],
    "env_prefixes": {
      "PATH": [
        "RECIPE_PACKAGE_REPO[depot_tools]"
      ]
    },
    "infra_step": true,
    "name": "Custom apply gerrit step"
  },
  {
    "name": "$result",
    "recipe_result": null,
    "status_code": 0
  }
]