[
  {
    "cmd": [
      "python",
      "-u",
      "RECIPE_MODULE[depot_tools::bot_update]/resources/bot_update.py",
      "--spec-path",
      "cache_dir = '[GIT_CACHE]'\nsolutions = [{'deps_file': '.DEPS.git', 'managed': True, 'name': 'src', 'url': 'https://chromium.googlesource.com/chromium/src.git'}]",
      "--patch_root",
      "src",
      "--revision_mapping_file",
      "{\"got_angle_revision\": \"src/third_party/angle\", \"got_cr_revision\": \"src\", \"got_revision\": \"src\", \"got_v8_revision\": \"src/v8\"}",
      "--git-cache-dir",
      "[GIT_CACHE]",
      "--cleanup-dir",
      "[CLEANUP]/bot_update",
      "--output_json",
      "/path/to/tmp/json",
      "--revision",
      "src@HEAD",
      "--disable-syntax-validation"
    ],
    "env_prefixes": {
      "PATH": [
        "RECIPE_PACKAGE_REPO[depot_tools]"
      ]
    },
    "infra_step": true,
    "name": "bot_update",
    "~followup_annotations": [
      "step returned non-zero exit code: 1",
      "@@@STEP_LOG_END@json.output (invalid)@@@",
      "@@@STEP_LOG_LINE@json.output (exception)@No JSON object could be decoded@@@",
      "@@@STEP_LOG_END@json.output (exception)@@@",
      "@@@STEP_EXCEPTION@@@"
    ]
  },
  {
    "name": "$result",
    "reason": "Infra Failure: Step('bot_update') returned 1",
    "recipe_result": null,
    "status_code": 1
  }
]