[
  {
    "cmd": [
      "python",
      "-u",
      "RECIPE_PACKAGE_REPO[depot_tools]/gerrit_client.py",
      "changes",
      "--host",
      "https://chromium-review.googlesource.com",
      "--json_file",
      "/path/to/tmp/json",
      "--limit",
      "1",
      "-p",
      "change=338811"
    ],
    "env": {
      "PATH": "<PATH>:RECIPE_PACKAGE_REPO[depot_tools]"
    },
    "infra_step": true,
    "name": "gerrit get_patch_destination_branch",
    "~followup_annotations": [
      "@@@STEP_LOG_LINE@json.output@[@@@",
      "@@@STEP_LOG_LINE@json.output@  {@@@",
      "@@@STEP_LOG_LINE@json.output@    \"_number\": \"91827\", @@@",
      "@@@STEP_LOG_LINE@json.output@    \"branch\": \"master\", @@@",
      "@@@STEP_LOG_LINE@json.output@    \"change_id\": \"Ideadbeef\", @@@",
      "@@@STEP_LOG_LINE@json.output@    \"created\": \"2017-01-30 13:11:20.000000000\", @@@",
      "@@@STEP_LOG_LINE@json.output@    \"has_review_started\": false, @@@",
      "@@@STEP_LOG_LINE@json.output@    \"project\": \"chromium/src\", @@@",
      "@@@STEP_LOG_LINE@json.output@    \"revisions\": {@@@",
      "@@@STEP_LOG_LINE@json.output@      \"184ebe53805e102605d11f6b143486d15c23a09c\": {@@@",
      "@@@STEP_LOG_LINE@json.output@        \"_number\": \"1\", @@@",
      "@@@STEP_LOG_LINE@json.output@        \"commit\": {@@@",
      "@@@STEP_LOG_LINE@json.output@          \"message\": \"Change commit message\"@@@",
      "@@@STEP_LOG_LINE@json.output@        }@@@",
      "@@@STEP_LOG_LINE@json.output@      }@@@",
      "@@@STEP_LOG_LINE@json.output@    }, @@@",
      "@@@STEP_LOG_LINE@json.output@    \"status\": \"NEW\", @@@",
      "@@@STEP_LOG_LINE@json.output@    \"subject\": \"Change title\"@@@",
      "@@@STEP_LOG_LINE@json.output@  }@@@",
      "@@@STEP_LOG_LINE@json.output@]@@@",
      "@@@STEP_LOG_END@json.output@@@"
    ]
  },
  {
    "cmd": [
      "python",
      "-u",
      "RECIPE_MODULE[depot_tools::bot_update]/resources/bot_update.py",
      "--spec-path",
      "cache_dir = '[GIT_CACHE]'\nsolutions = [{'deps_file': '.DEPS.git', 'managed': True, 'name': 'src', 'url': 'https://chromium.googlesource.com/chromium/src.git'}]",
      "--patch_root",
      "src/v8",
      "--revision_mapping_file",
      "{\"got_angle_revision\": \"src/third_party/angle\", \"got_cr_revision\": \"src\", \"got_revision\": \"src\", \"got_v8_revision\": \"src/v8\"}",
      "--git-cache-dir",
      "[GIT_CACHE]",
      "--cleanup-dir",
      "[CLEANUP]/bot_update",
      "--gerrit_repo",
      "https://chromium.googlesource.com/v8/v8",
      "--gerrit_ref",
      "refs/changes/11/338811/3",
      "--output_json",
      "/path/to/tmp/json",
      "--revision",
      "src@HEAD",
      "--revision",
      "src/v8@HEAD",
      "--disable-syntax-validation"
    ],
    "env_prefixes": {
      "PATH": [
        "RECIPE_PACKAGE_REPO[depot_tools]"
      ]
    },
    "infra_step": true,
    "name": "bot_update",
    "~followup_annotations": [
      "@@@STEP_TEXT@Some step text@@@",
      "@@@STEP_LOG_LINE@json.output@{@@@",
      "@@@STEP_LOG_LINE@json.output@  \"did_run\": true, @@@",
      "@@@STEP_LOG_LINE@json.output@  \"fixed_revisions\": {@@@",
      "@@@STEP_LOG_LINE@json.output@    \"src\": \"HEAD\", @@@",
      "@@@STEP_LOG_LINE@json.output@    \"src/v8\": \"HEAD\"@@@",
      "@@@STEP_LOG_LINE@json.output@  }, @@@",
      "@@@STEP_LOG_LINE@json.output@  \"manifest\": {@@@",
      "@@@STEP_LOG_LINE@json.output@    \"src\": {@@@",
      "@@@STEP_LOG_LINE@json.output@      \"repository\": \"https://fake.org/src.git\", @@@",
      "@@@STEP_LOG_LINE@json.output@      \"revision\": \"f27fede2220bcd326aee3e86ddfd4ebd0fe58cb9\"@@@",
      "@@@STEP_LOG_LINE@json.output@    }, @@@",
      "@@@STEP_LOG_LINE@json.output@    \"src/third_party/angle\": {@@@",
      "@@@STEP_LOG_LINE@json.output@      \"repository\": \"https://fake.org/src/third_party/angle.git\", @@@",
      "@@@STEP_LOG_LINE@json.output@      \"revision\": \"fac9503c46405f77757b9a728eb85b8d7bc6080c\"@@@",
      "@@@STEP_LOG_LINE@json.output@    }, @@@",
      "@@@STEP_LOG_LINE@json.output@    \"src/v8\": {@@@",
      "@@@STEP_LOG_LINE@json.output@      \"repository\": \"https://fake.org/src/v8.git\", @@@",
      "@@@STEP_LOG_LINE@json.output@      \"revision\": \"801ada225ddc271c132c3a35f03975671d43e399\"@@@",
      "@@@STEP_LOG_LINE@json.output@    }@@@",
      "@@@STEP_LOG_LINE@json.output@  }, @@@",
      "@@@STEP_LOG_LINE@json.output@  \"patch_failure\": false, @@@",
      "@@@STEP_LOG_LINE@json.output@  \"patch_root\": \"src/v8\", @@@",
      "@@@STEP_LOG_LINE@json.output@  \"properties\": {@@@",
      "@@@STEP_LOG_LINE@json.output@    \"got_angle_revision\": \"fac9503c46405f77757b9a728eb85b8d7bc6080c\", @@@",
      "@@@STEP_LOG_LINE@json.output@    \"got_angle_revision_cp\": \"refs/heads/master@{#297276}\", @@@",
      "@@@STEP_LOG_LINE@json.output@    \"got_cr_revision\": \"f27fede2220bcd326aee3e86ddfd4ebd0fe58cb9\", @@@",
      "@@@STEP_LOG_LINE@json.output@    \"got_cr_revision_cp\": \"refs/heads/master@{#170242}\", @@@",
      "@@@STEP_LOG_LINE@json.output@    \"got_revision\": \"f27fede2220bcd326aee3e86ddfd4ebd0fe58cb9\", @@@",
      "@@@STEP_LOG_LINE@json.output@    \"got_revision_cp\": \"refs/heads/master@{#170242}\", @@@",
      "@@@STEP_LOG_LINE@json.output@    \"got_v8_revision\": \"801ada225ddc271c132c3a35f03975671d43e399\", @@@",
      "@@@STEP_LOG_LINE@json.output@    \"got_v8_revision_cp\": \"refs/heads/master@{#43426}\"@@@",
      "@@@STEP_LOG_LINE@json.output@  }, @@@",
      "@@@STEP_LOG_LINE@json.output@  \"root\": \"src\", @@@",
      "@@@STEP_LOG_LINE@json.output@  \"source_manifest\": {@@@",
      "@@@STEP_LOG_LINE@json.output@    \"directories\": {@@@",
      "@@@STEP_LOG_LINE@json.output@      \"src\": {@@@",
      "@@@STEP_LOG_LINE@json.output@        \"git_checkout\": {@@@",
      "@@@STEP_LOG_LINE@json.output@          \"repo_url\": \"https://fake.org/src.git\", @@@",
      "@@@STEP_LOG_LINE@json.output@          \"revision\": \"f27fede2220bcd326aee3e86ddfd4ebd0fe58cb9\"@@@",
      "@@@STEP_LOG_LINE@json.output@        }@@@",
      "@@@STEP_LOG_LINE@json.output@      }, @@@",
      "@@@STEP_LOG_LINE@json.output@      \"src/third_party/angle\": {@@@",
      "@@@STEP_LOG_LINE@json.output@        \"git_checkout\": {@@@",
      "@@@STEP_LOG_LINE@json.output@          \"repo_url\": \"https://fake.org/src/third_party/angle.git\", @@@",
      "@@@STEP_LOG_LINE@json.output@          \"revision\": \"fac9503c46405f77757b9a728eb85b8d7bc6080c\"@@@",
      "@@@STEP_LOG_LINE@json.output@        }@@@",
      "@@@STEP_LOG_LINE@json.output@      }, @@@",
      "@@@STEP_LOG_LINE@json.output@      \"src/v8\": {@@@",
      "@@@STEP_LOG_LINE@json.output@        \"git_checkout\": {@@@",
      "@@@STEP_LOG_LINE@json.output@          \"repo_url\": \"https://fake.org/src/v8.git\", @@@",
      "@@@STEP_LOG_LINE@json.output@          \"revision\": \"801ada225ddc271c132c3a35f03975671d43e399\"@@@",
      "@@@STEP_LOG_LINE@json.output@        }@@@",
      "@@@STEP_LOG_LINE@json.output@      }@@@",
      "@@@STEP_LOG_LINE@json.output@    }, @@@",
      "@@@STEP_LOG_LINE@json.output@    \"version\": 0@@@",
      "@@@STEP_LOG_LINE@json.output@  }, @@@",
      "@@@STEP_LOG_LINE@json.output@  \"step_text\": \"Some step text\"@@@",
      "@@@STEP_LOG_LINE@json.output@}@@@",
      "@@@STEP_LOG_END@json.output@@@",
      "@@@SET_BUILD_PROPERTY@got_angle_revision@\"fac9503c46405f77757b9a728eb85b8d7bc6080c\"@@@",
      "@@@SET_BUILD_PROPERTY@got_angle_revision_cp@\"refs/heads/master@{#297276}\"@@@",
      "@@@SET_BUILD_PROPERTY@got_cr_revision@\"f27fede2220bcd326aee3e86ddfd4ebd0fe58cb9\"@@@",
      "@@@SET_BUILD_PROPERTY@got_cr_revision_cp@\"refs/heads/master@{#170242}\"@@@",
      "@@@SET_BUILD_PROPERTY@got_revision@\"f27fede2220bcd326aee3e86ddfd4ebd0fe58cb9\"@@@",
      "@@@SET_BUILD_PROPERTY@got_revision_cp@\"refs/heads/master@{#170242}\"@@@",
      "@@@SET_BUILD_PROPERTY@got_v8_revision@\"801ada225ddc271c132c3a35f03975671d43e399\"@@@",
      "@@@SET_BUILD_PROPERTY@got_v8_revision_cp@\"refs/heads/master@{#43426}\"@@@"
    ]
  },
  {
    "cmd": [
      "python",
      "-u",
      "RECIPE_MODULE[depot_tools::bot_update]/resources/bot_update.py",
      "--spec-path",
      "cache_dir = '[GIT_CACHE]'\nsolutions = [{'deps_file': '.DEPS.git', 'managed': True, 'name': 'src', 'url': 'https://chromium.googlesource.com/chromium/src.git'}]",
      "--patch_root",
      "src/v8",
      "--revision_mapping_file",
      "{\"got_angle_revision\": \"src/third_party/angle\", \"got_cr_revision\": \"src\", \"got_revision\": \"src\", \"got_v8_revision\": \"src/v8\"}",
      "--git-cache-dir",
      "[GIT_CACHE]",
      "--cleanup-dir",
      "[CLEANUP]/bot_update",
      "--output_json",
      "/path/to/tmp/json",
      "--revision",
      "src@f27fede2220bcd326aee3e86ddfd4ebd0fe58cb9",
      "--revision",
      "src/v8@801ada225ddc271c132c3a35f03975671d43e399"
    ],
    "env_prefixes": {
      "PATH": [
        "RECIPE_PACKAGE_REPO[depot_tools]"
      ]
    },
    "infra_step": true,
    "name": "bot_update (without patch)",
    "~followup_annotations": [
      "@@@STEP_TEXT@Some step text@@@",
      "@@@STEP_LOG_LINE@json.output@{@@@",
      "@@@STEP_LOG_LINE@json.output@  \"did_run\": true, @@@",
      "@@@STEP_LOG_LINE@json.output@  \"fixed_revisions\": {@@@",
      "@@@STEP_LOG_LINE@json.output@    \"src\": \"f27fede2220bcd326aee3e86ddfd4ebd0fe58cb9\", @@@",
      "@@@STEP_LOG_LINE@json.output@    \"src/v8\": \"801ada225ddc271c132c3a35f03975671d43e399\"@@@",
      "@@@STEP_LOG_LINE@json.output@  }, @@@",
      "@@@STEP_LOG_LINE@json.output@  \"manifest\": {@@@",
      "@@@STEP_LOG_LINE@json.output@    \"src\": {@@@",
      "@@@STEP_LOG_LINE@json.output@      \"repository\": \"https://fake.org/src.git\", @@@",
      "@@@STEP_LOG_LINE@json.output@      \"revision\": \"f27fede2220bcd326aee3e86ddfd4ebd0fe58cb9\"@@@",
      "@@@STEP_LOG_LINE@json.output@    }, @@@",
      "@@@STEP_LOG_LINE@json.output@    \"src/third_party/angle\": {@@@",
      "@@@STEP_LOG_LINE@json.output@      \"repository\": \"https://fake.org/src/third_party/angle.git\", @@@",
      "@@@STEP_LOG_LINE@json.output@      \"revision\": \"fac9503c46405f77757b9a728eb85b8d7bc6080c\"@@@",
      "@@@STEP_LOG_LINE@json.output@    }, @@@",
      "@@@STEP_LOG_LINE@json.output@    \"src/v8\": {@@@",
      "@@@STEP_LOG_LINE@json.output@      \"repository\": \"https://fake.org/src/v8.git\", @@@",
      "@@@STEP_LOG_LINE@json.output@      \"revision\": \"801ada225ddc271c132c3a35f03975671d43e399\"@@@",
      "@@@STEP_LOG_LINE@json.output@    }@@@",
      "@@@STEP_LOG_LINE@json.output@  }, @@@",
      "@@@STEP_LOG_LINE@json.output@  \"patch_failure\": false, @@@",
      "@@@STEP_LOG_LINE@json.output@  \"patch_root\": \"src/v8\", @@@",
      "@@@STEP_LOG_LINE@json.output@  \"properties\": {@@@",
      "@@@STEP_LOG_LINE@json.output@    \"got_angle_revision\": \"fac9503c46405f77757b9a728eb85b8d7bc6080c\", @@@",
      "@@@STEP_LOG_LINE@json.output@    \"got_angle_revision_cp\": \"refs/heads/master@{#297276}\", @@@",
      "@@@STEP_LOG_LINE@json.output@    \"got_cr_revision\": \"f27fede2220bcd326aee3e86ddfd4ebd0fe58cb9\", @@@",
      "@@@STEP_LOG_LINE@json.output@    \"got_cr_revision_cp\": \"refs/heads/master@{#170242}\", @@@",
      "@@@STEP_LOG_LINE@json.output@    \"got_revision\": \"f27fede2220bcd326aee3e86ddfd4ebd0fe58cb9\", @@@",
      "@@@STEP_LOG_LINE@json.output@    \"got_revision_cp\": \"refs/heads/master@{#170242}\", @@@",
      "@@@STEP_LOG_LINE@json.output@    \"got_v8_revision\": \"801ada225ddc271c132c3a35f03975671d43e399\", @@@",
      "@@@STEP_LOG_LINE@json.output@    \"got_v8_revision_cp\": \"refs/heads/master@{#43426}\"@@@",
      "@@@STEP_LOG_LINE@json.output@  }, @@@",
      "@@@STEP_LOG_LINE@json.output@  \"root\": \"src\", @@@",
      "@@@STEP_LOG_LINE@json.output@  \"source_manifest\": {@@@",
      "@@@STEP_LOG_LINE@json.output@    \"directories\": {@@@",
      "@@@STEP_LOG_LINE@json.output@      \"src\": {@@@",
      "@@@STEP_LOG_LINE@json.output@        \"git_checkout\": {@@@",
      "@@@STEP_LOG_LINE@json.output@          \"repo_url\": \"https://fake.org/src.git\", @@@",
      "@@@STEP_LOG_LINE@json.output@          \"revision\": \"f27fede2220bcd326aee3e86ddfd4ebd0fe58cb9\"@@@",
      "@@@STEP_LOG_LINE@json.output@        }@@@",
      "@@@STEP_LOG_LINE@json.output@      }, @@@",
      "@@@STEP_LOG_LINE@json.output@      \"src/third_party/angle\": {@@@",
      "@@@STEP_LOG_LINE@json.output@        \"git_checkout\": {@@@",
      "@@@STEP_LOG_LINE@json.output@          \"repo_url\": \"https://fake.org/src/third_party/angle.git\", @@@",
      "@@@STEP_LOG_LINE@json.output@          \"revision\": \"fac9503c46405f77757b9a728eb85b8d7bc6080c\"@@@",
      "@@@STEP_LOG_LINE@json.output@        }@@@",
      "@@@STEP_LOG_LINE@json.output@      }, @@@",
      "@@@STEP_LOG_LINE@json.output@      \"src/v8\": {@@@",
      "@@@STEP_LOG_LINE@json.output@        \"git_checkout\": {@@@",
      "@@@STEP_LOG_LINE@json.output@          \"repo_url\": \"https://fake.org/src/v8.git\", @@@",
      "@@@STEP_LOG_LINE@json.output@          \"revision\": \"801ada225ddc271c132c3a35f03975671d43e399\"@@@",
      "@@@STEP_LOG_LINE@json.output@        }@@@",
      "@@@STEP_LOG_LINE@json.output@      }@@@",
      "@@@STEP_LOG_LINE@json.output@    }, @@@",
      "@@@STEP_LOG_LINE@json.output@    \"version\": 0@@@",
      "@@@STEP_LOG_LINE@json.output@  }, @@@",
      "@@@STEP_LOG_LINE@json.output@  \"step_text\": \"Some step text\"@@@",
      "@@@STEP_LOG_LINE@json.output@}@@@",
      "@@@STEP_LOG_END@json.output@@@"
    ]
  },
  {
    "name": "$result",
    "recipe_result": null,
    "status_code": 0
  }
]