[
  {
    "cmd": [
      "python",
      "-u",
      "RECIPE_MODULE[depot_tools::bot_update]/resources/bot_update.py",
      "--spec-path",
      "cache_dir = '[GIT_CACHE]'\nsolutions = [{'deps_file': '.DEPS.git', 'managed': True, 'name': 'v8', 'url': 'https://chromium.googlesource.com/v8/v8'}]",
      "--patch_root",
      "v8",
      "--revision_mapping_file",
      "{}",
      "--git-cache-dir",
      "[GIT_CACHE]",
      "--cleanup-dir",
      "[CLEANUP]/bot_update",
      "--output_json",
      "/path/to/tmp/json",
      "--revision",
      "v8@2d72510e447ab60a9728aeea2362d8be2cbd7789"
    ],
    "env_prefixes": {
      "PATH": [
        "RECIPE_PACKAGE_REPO[depot_tools]"
      ]
    },
    "infra_step": true,
    "name": "bot_update",
    "~followup_annotations": [
      "@@@STEP_TEXT@Some step text@@@",
      "@@@STEP_LOG_LINE@json.output@{@@@",
      "@@@STEP_LOG_LINE@json.output@  \"did_run\": true, @@@",
      "@@@STEP_LOG_LINE@json.output@  \"fixed_revisions\": {@@@",
      "@@@STEP_LOG_LINE@json.output@    \"v8\": \"2d72510e447ab60a9728aeea2362d8be2cbd7789\"@@@",
      "@@@STEP_LOG_LINE@json.output@  }, @@@",
      "@@@STEP_LOG_LINE@json.output@  \"manifest\": {}, @@@",
      "@@@STEP_LOG_LINE@json.output@  \"patch_failure\": false, @@@",
      "@@@STEP_LOG_LINE@json.output@  \"patch_root\": \"v8\", @@@",
      "@@@STEP_LOG_LINE@json.output@  \"properties\": {}, @@@",
      "@@@STEP_LOG_LINE@json.output@  \"root\": \"v8\", @@@",
      "@@@STEP_LOG_LINE@json.output@  \"source_manifest\": {@@@",
      "@@@STEP_LOG_LINE@json.output@    \"directories\": {}, @@@",
      "@@@STEP_LOG_LINE@json.output@    \"version\": 0@@@",
      "@@@STEP_LOG_LINE@json.output@  }, @@@",
      "@@@STEP_LOG_LINE@json.output@  \"step_text\": \"Some step text\"@@@",
      "@@@STEP_LOG_LINE@json.output@}@@@",
      "@@@STEP_LOG_END@json.output@@@"
    ]
  },
  {
    "name": "$result",
    "recipe_result": null,
    "status_code": 0
  }
]