[
  {
    "cmd": [
      "python",
      "-u",
      "RECIPE_PACKAGE_REPO[depot_tools]/gerrit_client.py",
      "branch",
      "--host",
      "https://chromium-review.googlesource.com",
      "--project",
      "v8/v8",
      "--branch",
      "test",
      "--commit",
      "67ebf73496383c6777035e374d2d664009e2aa5c",
      "--json_file",
      "/path/to/tmp/json"
    ],
    "env": {
      "PATH": "<PATH>:RECIPE_PACKAGE_REPO[depot_tools]"
    },
    "infra_step": true,
    "name": "gerrit create_gerrit_branch (v8/v8 test)",
    "~followup_annotations": [
      "@@@STEP_LOG_LINE@json.output@{@@@",
      "@@@STEP_LOG_LINE@json.output@  \"can_delete\": true, @@@",
      "@@@STEP_LOG_LINE@json.output@  \"ref\": \"refs/heads/test\", @@@",
      "@@@STEP_LOG_LINE@json.output@  \"revision\": \"76016386a0d8ecc7b6be212424978bb45959d668\"@@@",
      "@@@STEP_LOG_LINE@json.output@}@@@",
      "@@@STEP_LOG_END@json.output@@@"
    ]
  },
  {
    "cmd": [
      "python",
      "-u",
      "RECIPE_PACKAGE_REPO[depot_tools]/gerrit_client.py",
      "branchinfo",
      "--host",
      "https://chromium-review.googlesource.com",
      "--project",
      "v8/v8",
      "--branch",
      "master",
      "--json_file",
      "/path/to/tmp/json"
    ],
    "env": {
      "PATH": "<PATH>:RECIPE_PACKAGE_REPO[depot_tools]"
    },
    "infra_step": true,
    "name": "gerrit get_gerrit_branch (v8/v8 master)",
    "~followup_annotations": [
      "@@@STEP_LOG_LINE@json.output@{@@@",
      "@@@STEP_LOG_LINE@json.output@  \"ref\": \"refs/heads/master\", @@@",
      "@@@STEP_LOG_LINE@json.output@  \"revision\": \"67ebf73496383c6777035e374d2d664009e2aa5c\"@@@",
      "@@@STEP_LOG_LINE@json.output@}@@@",
      "@@@STEP_LOG_END@json.output@@@"
    ]
  },
  {
    "cmd": [
      "python",
      "-u",
      "RECIPE_PACKAGE_REPO[depot_tools]/gerrit_client.py",
      "changes",
      "--host",
      "https://chromium-review.googlesource.com",
      "--json_file",
      "/path/to/tmp/json",
      "--start",
      "1",
      "--limit",
      "1",
      "-p",
      "project=chromium/src",
      "-p",
      "status=open",
      "-p",
      "label=Commit-Queue>0"
    ],
    "env": {
      "PATH": "<PATH>:RECIPE_PACKAGE_REPO[depot_tools]"
    },
    "infra_step": true,
    "name": "gerrit changes",
    "~followup_annotations": [
      "@@@STEP_LOG_LINE@json.output@[@@@",
      "@@@STEP_LOG_LINE@json.output@  {@@@",
      "@@@STEP_LOG_LINE@json.output@    \"_number\": \"91827\", @@@",
      "@@@STEP_LOG_LINE@json.output@    \"branch\": \"master\", @@@",
      "@@@STEP_LOG_LINE@json.output@    \"change_id\": \"Ideadbeef\", @@@",
      "@@@STEP_LOG_LINE@json.output@    \"created\": \"2017-01-30 13:11:20.000000000\", @@@",
      "@@@STEP_LOG_LINE@json.output@    \"has_review_started\": false, @@@",
      "@@@STEP_LOG_LINE@json.output@    \"project\": \"chromium/src\", @@@",
      "@@@STEP_LOG_LINE@json.output@    \"revisions\": {@@@",
      "@@@STEP_LOG_LINE@json.output@      \"184ebe53805e102605d11f6b143486d15c23a09c\": {@@@",
      "@@@STEP_LOG_LINE@json.output@        \"_number\": \"1\", @@@",
      "@@@STEP_LOG_LINE@json.output@        \"commit\": {@@@",
      "@@@STEP_LOG_LINE@json.output@          \"message\": \"Change commit message\"@@@",
      "@@@STEP_LOG_LINE@json.output@        }@@@",
      "@@@STEP_LOG_LINE@json.output@      }@@@",
      "@@@STEP_LOG_LINE@json.output@    }, @@@",
      "@@@STEP_LOG_LINE@json.output@    \"status\": \"NEW\", @@@",
      "@@@STEP_LOG_LINE@json.output@    \"subject\": \"Change title\"@@@",
      "@@@STEP_LOG_LINE@json.output@  }@@@",
      "@@@STEP_LOG_LINE@json.output@]@@@",
      "@@@STEP_LOG_END@json.output@@@"
    ]
  },
  {
    "cmd": [
      "python",
      "-u",
      "RECIPE_PACKAGE_REPO[depot_tools]/gerrit_client.py",
      "changes",
      "--host",
      "https://chromium-review.googlesource.com",
      "--json_file",
      "/path/to/tmp/json",
      "--limit",
      "1",
      "-p",
      "change=123",
      "-o",
      "ALL_REVISIONS",
      "-o",
      "ALL_COMMITS"
    ],
    "env": {
      "PATH": "<PATH>:RECIPE_PACKAGE_REPO[depot_tools]"
    },
    "infra_step": true,
    "name": "gerrit changes (2)",
    "~followup_annotations": [
      "@@@STEP_LOG_LINE@json.output@[@@@",
      "@@@STEP_LOG_LINE@json.output@  {@@@",
      "@@@STEP_LOG_LINE@json.output@    \"_number\": \"91827\", @@@",
      "@@@STEP_LOG_LINE@json.output@    \"branch\": \"master\", @@@",
      "@@@STEP_LOG_LINE@json.output@    \"change_id\": \"Ideadbeef\", @@@",
      "@@@STEP_LOG_LINE@json.output@    \"created\": \"2017-01-30 13:11:20.000000000\", @@@",
      "@@@STEP_LOG_LINE@json.output@    \"has_review_started\": false, @@@",
      "@@@STEP_LOG_LINE@json.output@    \"project\": \"chromium/src\", @@@",
      "@@@STEP_LOG_LINE@json.output@    \"revisions\": {@@@",
      "@@@STEP_LOG_LINE@json.output@      \"184ebe53805e102605d11f6b143486d15c23a09c\": {@@@",
      "@@@STEP_LOG_LINE@json.output@        \"_number\": \"1\", @@@",
      "@@@STEP_LOG_LINE@json.output@        \"commit\": {@@@",
      "@@@STEP_LOG_LINE@json.output@          \"message\": \"Change commit message\"@@@",
      "@@@STEP_LOG_LINE@json.output@        }@@@",
      "@@@STEP_LOG_LINE@json.output@      }@@@",
      "@@@STEP_LOG_LINE@json.output@    }, @@@",
      "@@@STEP_LOG_LINE@json.output@    \"status\": \"NEW\", @@@",
      "@@@STEP_LOG_LINE@json.output@    \"subject\": \"Change title\"@@@",
      "@@@STEP_LOG_LINE@json.output@  }@@@",
      "@@@STEP_LOG_LINE@json.output@]@@@",
      "@@@STEP_LOG_END@json.output@@@"
    ]
  },
  {
    "cmd": [
      "python",
      "-u",
      "RECIPE_PACKAGE_REPO[depot_tools]/gerrit_client.py",
      "changes",
      "--host",
      "https://chromium-review.googlesource.com",
      "--json_file",
      "/path/to/tmp/json",
      "--limit",
      "1",
      "-p",
      "change=123"
    ],
    "env": {
      "PATH": "<PATH>:RECIPE_PACKAGE_REPO[depot_tools]"
    },
    "infra_step": true,
    "name": "gerrit get_change_destination_branch",
    "~followup_annotations": [
      "@@@STEP_LOG_LINE@json.output@[@@@",
      "@@@STEP_LOG_LINE@json.output@  {@@@",
      "@@@STEP_LOG_LINE@json.output@    \"_number\": \"91827\", @@@",
      "@@@STEP_LOG_LINE@json.output@    \"branch\": \"master\", @@@",
      "@@@STEP_LOG_LINE@json.output@    \"change_id\": \"Ideadbeef\", @@@",
      "@@@STEP_LOG_LINE@json.output@    \"created\": \"2017-01-30 13:11:20.000000000\", @@@",
      "@@@STEP_LOG_LINE@json.output@    \"has_review_started\": false, @@@",
      "@@@STEP_LOG_LINE@json.output@    \"project\": \"chromium/src\", @@@",
      "@@@STEP_LOG_LINE@json.output@    \"revisions\": {@@@",
      "@@@STEP_LOG_LINE@json.output@      \"184ebe53805e102605d11f6b143486d15c23a09c\": {@@@",
      "@@@STEP_LOG_LINE@json.output@        \"_number\": \"1\", @@@",
      "@@@STEP_LOG_LINE@json.output@        \"commit\": {@@@",
      "@@@STEP_LOG_LINE@json.output@          \"message\": \"Change commit message\"@@@",
      "@@@STEP_LOG_LINE@json.output@        }@@@",
      "@@@STEP_LOG_LINE@json.output@      }@@@",
      "@@@STEP_LOG_LINE@json.output@    }, @@@",
      "@@@STEP_LOG_LINE@json.output@    \"status\": \"NEW\", @@@",
      "@@@STEP_LOG_LINE@json.output@    \"subject\": \"Change title\"@@@",
      "@@@STEP_LOG_LINE@json.output@  }@@@",
      "@@@STEP_LOG_LINE@json.output@]@@@",
      "@@@STEP_LOG_END@json.output@@@"
    ]
  },
  {
    "cmd": [
      "python",
      "-u",
      "RECIPE_PACKAGE_REPO[depot_tools]/gerrit_client.py",
      "changes",
      "--host",
      "https://chromium-review.googlesource.com",
      "--json_file",
      "/path/to/tmp/json",
      "--limit",
      "1",
      "-p",
      "change=122"
    ],
    "env": {
      "PATH": "<PATH>:RECIPE_PACKAGE_REPO[depot_tools]"
    },
    "infra_step": true,
    "name": "gerrit missing_cl",
    "~followup_annotations": [
      "@@@STEP_LOG_LINE@json.output@[]@@@",
      "@@@STEP_LOG_END@json.output@@@",
      "@@@STEP_EXCEPTION@@@"
    ]
  },
  {
    "cmd": [
      "python",
      "-u",
      "RECIPE_PACKAGE_REPO[depot_tools]/gerrit_client.py",
      "changes",
      "--host",
      "https://chromium-review.googlesource.com",
      "--json_file",
      "/path/to/tmp/json",
      "--limit",
      "1",
      "-p",
      "change=122",
      "-o",
      "ALL_REVISIONS",
      "-o",
      "ALL_COMMITS"
    ],
    "env": {
      "PATH": "<PATH>:RECIPE_PACKAGE_REPO[depot_tools]"
    },
    "infra_step": true,
    "name": "gerrit changes (3)",
    "~followup_annotations": [
      "@@@STEP_LOG_LINE@json.output@[@@@",
      "@@@STEP_LOG_LINE@json.output@  {@@@",
      "@@@STEP_LOG_LINE@json.output@    \"_number\": \"91827\", @@@",
      "@@@STEP_LOG_LINE@json.output@    \"branch\": \"master\", @@@",
      "@@@STEP_LOG_LINE@json.output@    \"change_id\": \"Ideadbeef\", @@@",
      "@@@STEP_LOG_LINE@json.output@    \"created\": \"2017-01-30 13:11:20.000000000\", @@@",
      "@@@STEP_LOG_LINE@json.output@    \"has_review_started\": false, @@@",
      "@@@STEP_LOG_LINE@json.output@    \"project\": \"chromium/src\", @@@",
      "@@@STEP_LOG_LINE@json.output@    \"revisions\": {@@@",
      "@@@STEP_LOG_LINE@json.output@      \"184ebe53805e102605d11f6b143486d15c23a09c\": {@@@",
      "@@@STEP_LOG_LINE@json.output@        \"_number\": \"1\", @@@",
      "@@@STEP_LOG_LINE@json.output@        \"commit\": {@@@",
      "@@@STEP_LOG_LINE@json.output@          \"message\": \"Change commit message\"@@@",
      "@@@STEP_LOG_LINE@json.output@        }@@@",
      "@@@STEP_LOG_LINE@json.output@      }@@@",
      "@@@STEP_LOG_LINE@json.output@    }, @@@",
      "@@@STEP_LOG_LINE@json.output@    \"status\": \"NEW\", @@@",
      "@@@STEP_LOG_LINE@json.output@    \"subject\": \"Change title\"@@@",
      "@@@STEP_LOG_LINE@json.output@  }@@@",
      "@@@STEP_LOG_LINE@json.output@]@@@",
      "@@@STEP_LOG_END@json.output@@@"
    ]
  },
  {
    "name": "$result",
    "reason": "2 out of 2 aggregated steps failed. Failures: Error quering for branch of CL 122, Error querying for CL description: host:'https://chromium-review.googlesource.com' change:122; patchset:3",
    "recipe_result": null,
    "status_code": 1
  }
]