[
  {
    "cmd": [],
    "name": "show paths",
    "~followup_annotations": [
      "@@@STEP_LOG_LINE@result@base_paths: {'builder_cache': ('C:\\\\', 'b', 'c', 'b'), 'cache': ('C:\\\\', 'b', 'c'), 'goma_cache': ('C:\\\\', 'b', 'c', 'goma_cache'), 'start_dir': ('C:\\\\', 'b', 'FakeTestingCWD'), 'cleanup': ('C:\\\\', 'b', 'cleanup'), 'git_cache': ('C:\\\\', 'b', 'c', 'git_cache'), 'root': ('C:\\\\', 'b', 'FakeTestingCWD'), 'tmp_base': ('C:\\\\',)}@@@",
      "@@@STEP_LOG_LINE@result@default_git_cache_dir: Path('git_cache')@@@",
      "@@@STEP_LOG_END@result@@@"
    ]
  },
  {
    "name": "$result",
    "recipe_result": null,
    "status_code": 0
  }
]