[
  {
    "cmd": [],
    "name": "show paths",
    "~followup_annotations": [
      "@@@STEP_LOG_LINE@result@base_paths: {'builder_cache': ('/', 'b', 'c', 'builder'), 'cache': ('/', 'b', 'c'), 'goma_cache': ('/', 'b', 'c', 'goma'), 'start_dir': ('/', 'b', 'FakeTestingCWD'), 'cleanup': ('/', 'b', 'cleanup'), 'git_cache': ('/', 'b', 'c', 'git'), 'tmp_base': ('/',)}@@@",
      "@@@STEP_LOG_LINE@result@default_git_cache_dir: Path('git_cache')@@@",
      "@@@STEP_LOG_END@result@@@"
    ]
  },
  {
    "name": "$result",
    "recipe_result": null,
    "status_code": 0
  }
]