[
  {
    "cmd": [],
    "name": "show paths",
    "~followup_annotations": [
      "@@@STEP_LOG_LINE@result@base_paths: {'depot_tools': ('depot_tools',), 'build_internal': ('build_internal',), 'cache': ('build', 'slave', 'cache'), 'goma_cache': ('build', 'slave', 'goma_cache'), 'start_dir': ('/', 'b', 'FakeTestingCWD'), 'cleanup': ('/', 'b', 'build.dead'), 'build': ('build',), 'git_cache': ('build', 'slave', 'cache_dir'), 'root': (), 'tmp_base': ('/',)}@@@",
      "@@@STEP_LOG_LINE@result@default_git_cache_dir: Path('git_cache')@@@",
      "@@@STEP_LOG_END@result@@@"
    ]
  },
  {
    "name": "$result",
    "recipe_result": null,
    "status_code": 0
  }
]